outbound_id,product_id,deadline
1,21,2025-08-06 17:18:06
2,1,2025-08-10 10:06:07
3,7,2025-08-05 02:28:35
4,9,2025-08-06 21:50:58
5,7,2025-08-10 17:34:35
6,2,2025-08-08 23:53:39
7,21,2025-08-07 16:02:31
8,11,2025-08-09 17:34:33
9,1,2025-08-08 01:42:07
10,17,2025-08-07 09:58:50
11,6,2025-08-08 20:21:05
12,22,2025-08-10 10:16:38
13,17,2025-08-05 06:50:24
14,21,2025-08-09 11:51:53
15,21,2025-08-07 09:49:47
16,13,2025-08-09 16:38:51
17,6,2025-08-09 20:53:20
18,13,2025-08-06 11:55:11
19,14,2025-08-04 00:07:51
20,1,2025-08-09 23:58:12
21,15,2025-08-08 09:58:34
22,4,2025-08-04 05:20:01
23,17,2025-08-05 12:25:37
24,4,2025-08-10 12:34:54
25,4,2025-08-05 11:48:10
26,13,2025-08-08 13:36:41
27,12,2025-08-06 17:42:40
28,2,2025-08-05 01:29:05
29,25,2025-08-05 04:53:13
30,23,2025-08-07 19:09:19
31,17,2025-08-09 15:46:28
32,4,2025-08-07 05:46:50
33,6,2025-08-08 20:13:40
34,16,2025-08-06 19:14:58
35,17,2025-08-06 10:19:54
36,20,2025-08-09 05:01:33
37,14,2025-08-06 05:03:45
38,12,2025-08-10 01:43:05
39,7,2025-08-06 10:49:28
40,20,2025-08-06 17:14:00
41,18,2025-08-06 01:22:19
42,3,2025-08-08 14:26:40
43,16,2025-08-08 19:55:25
44,2,2025-08-06 15:29:29
45,13,2025-08-06 06:25:27
46,6,2025-08-04 19:52:57
47,17,2025-08-04 02:18:19
48,17,2025-08-05 03:59:53
49,22,2025-08-06 08:12:47
50,24,2025-08-04 01:04:44
51,22,2025-08-05 09:44:50
52,24,2025-08-04 23:40:41
53,21,2025-08-06 18:31:49
54,6,2025-08-10 17:15:21
55,12,2025-08-07 00:57:33
56,7,2025-08-08 21:37:50
57,18,2025-08-09 04:27:14
58,22,2025-08-05 04:14:41
59,20,2025-08-08 12:39:35
60,9,2025-08-05 12:49:14
61,18,2025-08-04 23:42:48
62,21,2025-08-09 02:28:55
63,1,2025-08-08 12:39:22
64,2,2025-08-05 16:24:25
65,24,2025-08-05 12:57:03
66,11,2025-08-05 09:26:36
67,21,2025-08-07 18:43:11
68,20,2025-08-09 17:26:26
69,13,2025-08-06 08:09:08
70,18,2025-08-08 13:55:01
71,21,2025-08-05 18:41:00
72,3,2025-08-06 16:01:45
73,17,2025-08-06 00:29:53
74,7,2025-08-09 12:16:19
75,4,2025-08-09 15:53:08
76,14,2025-08-04 06:42:41
77,19,2025-08-07 06:03:11
78,19,2025-08-07 00:36:40
79,7,2025-08-10 08:26:24
80,19,2025-08-05 20:14:07
81,12,2025-08-07 22:03:32
82,3,2025-08-06 11:16:30
83,6,2025-08-07 08:47:44
84,7,2025-08-06 11:52:25
85,16,2025-08-09 04:55:58
86,12,2025-08-08 02:38:29
87,18,2025-08-10 14:24:16
88,11,2025-08-06 18:54:19
89,8,2025-08-04 15:00:00
90,14,2025-08-05 01:18:58
91,22,2025-08-08 05:22:56
92,13,2025-08-07 17:13:04
93,14,2025-08-04 02:09:07
94,15,2025-08-10 11:47:24
95,6,2025-08-07 19:09:27
96,20,2025-08-05 01:56:59
97,20,2025-08-06 08:47:50
98,25,2025-08-09 10:44:33
99,19,2025-08-08 18:06:23
100,20,2025-08-05 01:00:08
101,14,2025-08-05 08:43:41
102,1,2025-08-08 11:21:29
103,21,2025-08-04 23:32:05
104,1,2025-08-07 21:58:02
105,13,2025-08-09 14:38:05
106,15,2025-08-07 13:12:16
107,6,2025-08-04 04:05:05
108,9,2025-08-09 18:35:54
109,19,2025-08-06 13:00:57
110,21,2025-08-10 10:33:51
111,15,2025-08-09 01:10:29
112,5,2025-08-10 08:23:26
113,2,2025-08-05 12:06:31
114,14,2025-08-04 19:55:05
115,1,2025-08-08 22:52:01
116,6,2025-08-04 12:14:33
117,6,2025-08-04 10:08:13
118,16,2025-08-07 15:05:44
119,10,2025-08-05 21:38:34
120,17,2025-08-06 09:19:03
121,13,2025-08-09 19:05:01
122,3,2025-08-10 14:51:44
123,6,2025-08-07 01:01:39
124,10,2025-08-07 13:00:58
125,25,2025-08-10 12:04:21
126,3,2025-08-10 09:07:37
127,8,2025-08-10 15:39:00
128,16,2025-08-07 12:30:50
129,20,2025-08-08 02:55:52
130,9,2025-08-06 00:08:02
131,4,2025-08-06 03:18:04
132,17,2025-08-08 00:24:37
133,17,2025-08-04 07:39:31
134,22,2025-08-10 16:51:41
135,15,2025-08-05 19:23:31
136,10,2025-08-08 23:40:07
137,12,2025-08-04 11:26:27
138,23,2025-08-07 11:48:45
139,18,2025-08-09 10:07:21
140,6,2025-08-09 09:50:08
141,17,2025-08-04 23:35:09
142,22,2025-08-05 19:07:25
143,12,2025-08-04 12:57:29
144,25,2025-08-10 12:17:21
145,17,2025-08-09 08:21:25
146,4,2025-08-07 18:59:30
147,14,2025-08-09 12:37:47
148,14,2025-08-10 15:00:56
149,11,2025-08-07 23:31:48
150,4,2025-08-07 21:58:55
151,3,2025-08-08 21:51:39
152,21,2025-08-05 15:10:47
153,6,2025-08-10 07:58:12
154,7,2025-08-09 21:32:08
155,7,2025-08-09 03:27:35
156,19,2025-08-10 20:43:45
157,6,2025-08-07 16:48:58
158,6,2025-08-10 22:11:32
159,11,2025-08-09 16:41:50
160,4,2025-08-05 16:23:09
161,25,2025-08-10 08:30:09
162,4,2025-08-07 05:09:03
163,16,2025-08-10 08:33:07
164,5,2025-08-08 17:59:35
165,19,2025-08-07 04:02:47
166,25,2025-08-08 22:37:28
167,2,2025-08-06 05:25:08
168,9,2025-08-10 04:35:19
169,7,2025-08-10 11:19:27
170,4,2025-08-05 20:08:14
171,19,2025-08-05 00:29:00
172,1,2025-08-06 13:27:48
173,17,2025-08-04 00:34:48
174,12,2025-08-09 13:19:24
175,9,2025-08-07 11:11:28
176,23,2025-08-07 08:57:30
177,5,2025-08-05 11:58:56
178,17,2025-08-05 11:55:45
179,2,2025-08-10 19:14:22
180,5,2025-08-04 07:23:18
181,15,2025-08-10 14:31:00
182,25,2025-08-08 02:33:05
183,6,2025-08-09 06:58:52
184,24,2025-08-07 00:48:28
185,7,2025-08-09 01:01:16
186,10,2025-08-06 01:51:27
187,21,2025-08-06 18:47:23
188,3,2025-08-10 22:09:11
189,24,2025-08-05 02:12:15
190,24,2025-08-05 23:11:02
191,3,2025-08-07 21:59:21
192,25,2025-08-10 05:11:35
193,11,2025-08-05 19:39:14
194,17,2025-08-10 07:41:18
195,9,2025-08-09 04:56:09
196,20,2025-08-08 06:12:38
197,9,2025-08-07 06:29:08
198,25,2025-08-05 13:56:47
199,11,2025-08-10 11:24:58
200,8,2025-08-04 22:59:51
